{"rect1": {"x": 381.0000000000002, "y": 182.99999999999943}}