{"rect1": {"x": 732.9999999999998, "y": 384.99999999999955}, "rect2": {"x": 990.0000000000001, "y": 629.9999999999999}, "rect3": {"x": 752.9999999999998, "y": 535.9999999999994}}