{"rect1": {"x": 307.0, "y": 248.0}, "rect2": {"x": 1127.9999999999998, "y": 626.0000000000001}, "rect3": {"x": 584.0, "y": 530.9999999999999}, "rect4": {"x": 554.0, "y": 613.9999999999999}, "rect5": {"x": 128.0, "y": 427.9999999999999}, "rect6": {"x": 404.0, "y": 577.0}, "rect7": {"x": 558.0, "y": 424.0000000000001}}