{"38664c46-64b6-4553-bada-763129023a8a": {"x": 389.0, "y": 629.0000000000002, "width": 250, "height": 300}, "b97ca2db-6677-4c84-998d-e7453bca44f7": {"x": 685.0, "y": 715.0, "width": 250, "height": 300}, "56e1f7ea-bc6f-4f68-932d-6d161d94e8b7": {"x": 1038.0, "y": 662.0000000000001, "width": 250, "height": 300}, "84a85b8d-b6d6-4ad2-8d14-e3342c1fc748": {"x": 1335.0, "y": 674.0, "width": 250, "height": 300}, "5feebe23-5944-490b-9e2d-00e53727440a": {"x": 1629.0, "y": 488.9999999999998, "width": 250, "height": 300}}