{"rect1": {"x": 824.0000000000005, "y": 667.9999999999998}, "rect2": {"x": 313.9999999999998, "y": 709.5999999999996}, "rect3": {"x": 1504.0, "y": 687.6}, "rect4": {"x": 268.00000000000045, "y": 641.5999999999992}, "rect5": {"x": 1032.0000000000002, "y": 284.00000000000006}, "rect6": {"x": 530.0000000000005, "y": 421.5999999999997}}