{"music_player": {"x": 1002.9999999999998, "y": 109.00000000000017}}